Steam ID,App ID,Game Name,Playtime (hours),Genres,Achievements
76561197970698176,220,Half-Life 2,0.1666666666666666,Action,0
76561197970698176,240,Counter-Strike: Source,3.966666666666667,Action,0
76561197970698176,320,Half-Life 2: Deathmatch,0.0,Action,0
76561197970698176,360,Half-Life Deathmatch: Source,0.0,Action,0
76561197970698176,12370,Jagged Alliance 2 Gold,0.4833333333333333,Strategy,0
76561197970698176,12380,Jagged Alliance 2 Gold,0.0,Strategy,0
76561197970698176,2400,The Ship: Murder Party,3.8833333333333337,"Action, Indie, RPG",0
76561197970698176,2420,The Ship: Single Player,0.3333333333333333,"Action, Indie, RPG",0
76561197970698176,2430,Unknown,0.2166666666666666,,0
76561197970698176,2100,Dark Messiah of Might & Magic,3.1666666666666665,"Action, RPG",0
76561197970698176,2130,Dark Messiah of Might & Magic,0.0,"Action, RPG",0
76561197970698176,4000,Garry's Mod,0.15,"Casual, Indie, Simulation",1
76561197970698176,2990,FlatOut 2,2.95,Racing,0
76561197970698176,2600,Vampire: The Masquerade - Bloodlines,0.8,Action,0
76561197970698176,4540,Unknown,0.2166666666666666,,0
76561197970698176,4550,Unknown,335.65,,0
76561197970698176,475150,Titan Quest Anniversary Edition,55.13333333333333,"Action, RPG",18
76561197970698176,2280,DOOM + DOOM II,0.9666666666666668,Action,0
76561197970698176,4570,"Warhammer 40,000: Dawn of War - Anniversary Edition",0.0,Strategy,0
76561197970698176,4580,"Warhammer® 40,000: Dawn of War® - Dark Crusade",0.0,Strategy,0
76561197970698176,9310,"Warhammer® 40,000: Dawn of War® – Winter Assault",0.0,Strategy,0
76561197970698176,9450,"Warhammer® 40,000: Dawn of War® - Soulstorm",0.0,Strategy,0
76561197970698176,400,Portal,3.5833333333333335,Action,5
76561197970698176,12100,Grand Theft Auto III,7.566666666666666,Action,0
76561197970698176,12230,Grand Theft Auto III,0.0,,0
76561197970698176,12160,Midnight Club 2,0.0,Racing,0
76561197970698176,7760,X-COM: UFO Defense,8.8,Strategy,0
76561197970698176,17300,Crysis,2.1666666666666665,Action,0
76561197970698176,12900,AudioSurf,0.95,Indie,3
76561197970698176,22200,Zeno Clash,0.0,"Action, Indie",0
76561197970698176,25900,King's Bounty: The Legend,20.516666666666666,"RPG, Strategy",0
76561197970698176,8880,Freedom Force,0.3333333333333333,"RPG, Strategy",0
76561197970698176,8890,Freedom Force vs. the Third Reich,0.6666666666666666,"RPG, Strategy",0
76561197970698176,22330,The Elder Scrolls IV: Oblivion® Game of the Year Edition,0.0,RPG,0
76561197970698176,22320,The Elder Scrolls III: Morrowind® Game of the Year Edition,4.266666666666667,RPG,0
76561197970698176,35700,Trine Enchanted Edition,3.45,"Action, Adventure, Indie",1
76561197970698176,20500,Red Faction Guerrilla Steam Edition,1.2333333333333334,Action,3
76561197970698176,667720,Red Faction Guerrilla Re-Mars-tered,0.0,,0
76561197970698176,40400,AI War: Fleet Command,0.0,"Indie, Strategy",0
76561197970698176,40420,Tidalis,1.3833333333333333,"Casual, Indie",12
76561197970698176,41500,Torchlight,19.533333333333335,RPG,18
76561197970698176,20900,The Witcher: Enhanced Edition Director's Cut,9.016666666666667,"Action, RPG",0
76561197970698176,41000,Serious Sam HD: The First Encounter,0.0,"Action, Indie",0
76561197970698176,564310,Serious Sam Fusion 2017 (beta),0.2333333333333333,"Action, Indie",2
76561197970698176,41300,Altitude,1139.8833333333334,"Action, Casual, Free To Play, Indie, Simulation, Strategy",52
76561197970698176,32440,LEGO® Star Wars™ - The Complete Saga,0.0166666666666666,Adventure,0
76561197970698176,22370,Fallout 3: Game of the Year Edition,8.5,RPG,0
76561197970698176,8190,Just Cause 2,5.316666666666666,"Action, Adventure",6
76561197970698176,41700,S.T.A.L.K.E.R.: Call of Pripyat,0.9666666666666668,"Action, RPG",0
76561197970698176,22100,Mount & Blade,0.0,"Indie, RPG",0
76561197970698176,46410,Avencast: Rise of the Mage,8.166666666666666,"Action, Adventure, Indie, RPG",0
76561197970698176,43110,Unknown,0.65,Action,1
76561197970698176,58200,Jolly Rover,0.2666666666666666,"Adventure, Casual, Indie",0
76561197970698176,24780,SimCity™ 4 Deluxe Edition,1.5333333333333334,"Simulation, Strategy",0
76561197970698176,8930,Sid Meier's Civilization® V,355.18333333333334,Strategy,81
76561197970698176,70400,Recettear: An Item Shop's Tale,34.96666666666667,"RPG, Indie",0
76561197970698176,3170,King's Bounty: Armored Princess,0.0,"RPG, Strategy",0
76561197970698176,63910,King's Bounty: Crossworlds,39.333333333333336,"RPG, Strategy",0
76561197970698176,40300,Risen,52.983333333333334,RPG,0
76561197970698176,950670,Gothic Playable Teaser,0.0,RPG,0
76561197970698176,39690,ArcaniA,2.7333333333333334,RPG,0
76561197970698176,22380,Fallout: New Vegas,80.58333333333333,"Action, RPG",23
76561197970698176,47810,Dragon Age: Origins - Ultimate Edition,26.316666666666663,RPG,0
76561197970698176,58540,Unknown,6.933333333333334,,0
76561197970698176,219780,Divinity II: Developer's Cut,4.05,RPG,0
76561197970698176,7520,Two Worlds II HD,2.683333333333333,RPG,0
76561197970698176,31280,Poker Night at the Inventory,0.0,"Casual, Sports",0
76561197970698176,26800,Braid,0.4,"Casual, Indie, Strategy",1
76561197970698176,29180,Osmos,0.5666666666666667,"Casual, Indie",1
76561197970698176,40700,Machinarium,0.2,"Adventure, Indie",0
76561197970698176,93200,Revenge of the Titans,1.4833333333333334,"Action, Indie, Strategy",0
76561197970698176,21100,F.E.A.R. 3,0.0,Action,0
76561197970698176,42910,Magicka,5.916666666666667,"Action, RPG",22
76561197970698176,55100,Homefront,0.0,Action,0
76561197970698176,92800,SpaceChem,0.0,"Indie, Simulation",0
76561197970698176,91800,Cloning Clyde,0.2,"Casual, Indie",1
76561197970698176,44320,Unknown,0.0166666666666666,,0
76561197970698176,321040,Unknown,0.0,,0
76561197970698176,91600,Sanctum,6.35,"Action, Casual, Indie, Strategy",12
76561197970698176,73020,Majesty 2 Collection,0.0,Strategy,0
76561197970698176,91810,Ancients of Ooga,0.1,"Indie, Casual",0
76561197970698176,63000,HOARD,0.2666666666666666,"Action, Casual, Indie, Strategy",8
76561197970698176,620,Portal 2,5.4,"Action, Adventure",5
76561197970698176,92000,Hydrophobia: Prophecy,1.2166666666666666,"Action, Adventure, Indie, Strategy",2
76561197970698176,249610,Galactic Arms Race,0.0,"Action, Casual, Indie",0
76561197970698176,105100,Lume,0.0333333333333333,"Adventure, Casual, Indie",0
76561197970698176,105600,Terraria,96.28333333333332,"Action, Adventure, Indie, RPG",14
76561197970698176,31270,Puzzle Agent,0.25,"Action, Adventure, Casual",0
76561197970698176,98200,Frozen Synapse,2.0166666666666666,"Indie, Strategy",5
76561197970698176,22000,World of Goo,2.566666666666667,Indie,0
76561197970698176,7600,Sid Meier's Railroads!,0.1166666666666666,Strategy,0
76561197970698176,102400,Vertex Dispenser,0.1166666666666666,"Action, Indie, Strategy",0
76561197970698176,42160,Unknown,1.1333333333333333,,1
76561197970698176,206980,Unknown,0.0,,0
76561197970698176,16450,F.E.A.R. 2: Project Origin,0.0,Action,0
76561197970698176,25620,Eschalon: Book II,5.866666666666666,"Indie, RPG",0
76561197970698176,98800,Dungeons of Dredmor,46.53333333333333,"Casual, Indie, RPG",25
76561197970698176,107300,Breath of Death VII,0.0,"Indie, RPG",0
76561197970698176,107310,Cthulhu Saves the World,0.2166666666666666,"Indie, RPG",0
76561197970698176,18700,And Yet It Moves,0.5333333333333333,"Action, Indie",0
76561197970698176,26500,Cogs,0.7166666666666667,"Indie, Casual",1
76561197970698176,26900,Crayon Physics Deluxe,2.65,"Casual, Indie",0
76561197970698176,41100,Hammerfight,0.0,"Action, Indie",0
76561197970698176,55040,Atom Zombie Smasher,0.0166666666666666,"Indie, Strategy",0
76561197970698176,70300,VVVVVV,0.0,"Action, Indie",0
76561197970698176,96200,Steel Storm: Burning Retribution,0.2166666666666666,"Action, Indie",0
76561197970698176,48000,LIMBO,6.816666666666666,"Action, Adventure, Indie",4
76561197970698176,32800,Lord of the Rings: War in the North,0.0,"Action, RPG",0
76561197970698176,61700,Might & Magic: Clash of Heroes,1.3666666666666667,"RPG, Strategy",1
76561197970698176,107200,Space Pirates and Zombies,4.8,"Action, Indie, RPG, Strategy",14
76561197970698176,28050,Unknown,4.133333333333334,,4
76561197970698176,17710,Nuclear Dawn,15.783333333333331,"Action, Strategy",26
76561197970698176,22230,Rock of Ages,0.1666666666666666,"Action, Indie, Racing, Strategy",1
76561197970698176,200550,Dungeons - The Dark Lord,0.35,"RPG, Simulation, Strategy",0
76561197970698176,113200,The Binding of Isaac,2.466666666666667,"Action, Adventure, Indie, RPG",3
76561197970698176,9420,Supreme Commander: Forged Alliance,1.45,Strategy,0
76561197970698176,72850,The Elder Scrolls V: Skyrim,149.61666666666667,RPG,26
76561197970698176,1500,Darwinia,0.0,"Indie, Strategy",0
76561197970698176,1510,Uplink,0.0,"Indie, Strategy",0
76561197970698176,1520,DEFCON,0.0,"Indie, Strategy",0
76561197970698176,1530,Multiwinia,0.0,Indie,0
76561197970698176,24420,Aquaria,0.6166666666666667,Indie,0
76561197970698176,25000,Overgrowth,0.0,"Action, Indie",0
76561197970698176,41070,Serious Sam 3: BFE,1.35,"Action, Indie",3
76561197970698176,61310,Fractal: Make Blooms Not War,0.8833333333333333,"Casual, Indie",0
76561197970698176,202200,Galactic Civilizations® II: Ultimate Edition,0.2666666666666666,"Indie, Strategy",0
76561197970698176,6120,Shank,0.0,"Action, Indie",0
76561197970698176,40800,Super Meat Boy,0.2833333333333333,Indie,0
76561197970698176,63710,BIT.TRIP RUNNER,0.4833333333333333,"Action, Indie",4
76561197970698176,94200,Jamestown,0.9833333333333332,"Action, Indie",11
76561197970698176,99700,NightSky,2.6333333333333333,"Casual, Indie, Strategy",0
76561197970698176,41800,Gratuitous Space Battles,0.05,"Indie, Simulation, Strategy",0
76561197970698176,200900,Cave Story+,0.0833333333333333,"Action, Adventure, Indie",5
76561197970698176,204030,Fable - The Lost Chapters,0.9333333333333332,"Action, Adventure, RPG",0
76561197970698176,94590,Puzzle Agent 2,0.0,"Action, Adventure, Casual",0
76561197970698176,50820,Max and the Magic Marker,0.0,Indie,0
76561197970698176,67370,The Darkness II,0.0,Action,0
76561197970698176,204880,Sins of a Solar Empire®: Rebellion,0.0333333333333333,"Action, Indie, Simulation, Strategy",0
76561197970698176,64000,Men of War: Assault Squad,0.0,Strategy,0
76561197970698176,205690,1000 Amps,0.45,"Adventure, Indie",0
76561197970698176,102500,Unknown,29.233333333333334,,18
76561197970698176,98400,Unknown,0.2166666666666666,,2
76561197970698176,61600,Zen Bound 2,0.0666666666666666,"Indie, Casual",0
76561197970698176,111100,Snuggle Truck,1.0166666666666666,"Casual, Indie, Racing",5
76561197970698176,112100,Avadon: The Black Fortress,0.75,"Indie, RPG",0
76561197970698176,102600,Orcs Must Die!,2.716666666666667,"Action, Indie, Strategy",7
76561197970698176,206690,iBomber Defense Pacific,0.0,"Casual, Indie, Strategy",0
76561197970698176,209330,A Valley Without Wind,0.0,"Action, Adventure, Indie",0
76561197970698176,228320,A Valley Without Wind 2,0.0666666666666666,"Action, Adventure, Indie, Strategy",1
76561197970698176,209520,Mini Motor Racing EVO,0.4666666666666667,"Casual, Indie, Racing",2
76561197970698176,1303990,Mini Motor Racing X,0.0,"Indie, Racing",0
76561197970698176,40390,Risen 2: Dark Waters,3.066666666666667,RPG,3
76561197970698176,63380,Sniper Elite V2,0.0,Action,0
76561197970698176,204060,Superbrothers: Sword & Sworcery EP,0.0,"Adventure, Indie",0
76561197970698176,210950,Rune Classic,0.05,"Action, Adventure",0
76561197970698176,207610,The Walking Dead,0.3666666666666666,Adventure,2
76561197970698176,203630,Warlock - Master of the Arcane,89.38333333333334,Strategy,0
76561197970698176,200710,Torchlight II,16.366666666666667,"Action, Adventure, Indie, RPG",33
76561197970698176,104900,ORION: Prelude,0.5,"Action, Adventure, Indie, RPG",5
76561197970698176,37000,The Void,0.45,"Action, Adventure",0
76561197970698176,3900,Sid Meier's Civilization® IV,0.0,Strategy,0
76561197970698176,3990,Civilization IV®: Warlords,0.0,Strategy,0
76561197970698176,8800,Civilization IV: Beyond the Sword,7.383333333333334,Strategy,0
76561197970698176,16810,Sid Meier's Civilization IV: Colonization,0.1,Strategy,0
76561197970698176,34440,Sid Meier's Civilization® IV,0.0,Strategy,0
76561197970698176,34450,Civilization IV®: Warlords,0.0,Strategy,0
76561197970698176,34460,Civilization IV: Beyond the Sword,0.0,Strategy,0
76561197970698176,42170,Krater,1.8833333333333333,"Action, Adventure, Indie, RPG, Strategy",4
76561197970698176,210170,Spirits,0.0833333333333333,"Action, Indie, Strategy",1
76561197970698176,205910,Tiny and Big: Grandpa's Leftovers,0.0,Indie,0
76561197970698176,215160,The Book of Unwritten Tales,0.0,Adventure,0
76561197970698176,212010,Galaxy on Fire 2™ Full HD,0.0,"Action, Indie, Simulation, Strategy",0
76561197970698176,215280,Secret World Legends,0.0,"Action, Adventure, Massively Multiplayer, RPG, Free To Play",0
76561197970698176,214170,Divine Divinity,5.266666666666667,RPG,0
76561197970698176,211420,DARK SOULS™: Prepare To Die™ Edition,5.916666666666667,"Action, RPG",0
76561197970698176,35140,Batman: Arkham Asylum Game of the Year Edition,0.6666666666666666,"Action, Adventure",3
76561197970698176,216910,Of Orcs And Men,0.4666666666666667,"Action, RPG",0
76561197970698176,207650,A Virus Named TOM,0.0,"Action, Indie, Strategy",0
76561197970698176,209080,Guns of Icarus Online,0.0,"Action, Adventure, Indie, Simulation",0
76561197970698176,8330,Telltale Texas Hold ‘Em,0.0,Casual,0
76561197970698176,94600,Hector: Episode 1,0.0,"Action, Adventure, Casual",0
76561197970698176,94610,Hector: Episode 2,0.0,"Action, Adventure, Casual, RPG",0
76561197970698176,94620,Hector: Badge of Carnage - Full Series,0.0,"Adventure, Casual",0
76561197970698176,8200,Sam & Max 101: Culture Shock,0.0,"Action, Adventure",0
76561197970698176,8210,Sam & Max 102: Situation: Comedy,0.0,"Action, Adventure",0
76561197970698176,8220,"Sam & Max 103: The Mole, the Mob and the Meatball",0.0,"Action, Adventure",0
76561197970698176,8230,Sam & Max 104: Abe Lincoln Must Die!,0.0,"Action, Adventure",0
76561197970698176,8240,Sam & Max 105: Reality 2.0,0.0,"Action, Adventure",0
76561197970698176,8250,Sam & Max 106: Bright Side of the Moon,0.0,"Action, Adventure",0
76561197970698176,8260,Sam & Max 201: Ice Station Santa,0.0,Adventure,0
76561197970698176,8270,Sam & Max 202: Moai Better Blues,0.0,Adventure,0
76561197970698176,8280,Unknown,0.0,Adventure,0
76561197970698176,8290,Sam & Max 204: Chariots of the Dogs,0.0,Adventure,0
76561197970698176,8300,Sam & Max 205: What's New Beelzebub?,0.0,Adventure,0
76561197970698176,8310,Bone: Out From Boneville,0.0,Adventure,0
76561197970698176,8320,Bone: The Great Cow Race,0.0,Adventure,0
76561197970698176,27400,Dangerous High School Girls in Trouble!™,0.0,"RPG, Indie, Casual",0
76561197970698176,214700,Thirty Flights of Loving,0.0,"Adventure, Casual, Indie",0
76561197970698176,208580,STAR WARS™ Knights of the Old Republic™ II - The Sith Lords™,3.966666666666667,RPG,0
76561197970698176,215510,Rocketbirds: Hardboiled Chicken,0.3,"Adventure, Indie",1
76561197970698176,218510,Planets Under Attack,0.0,"Indie, Strategy",0
76561197970698176,212680,FTL: Faster Than Light,1.6833333333333331,"Indie, Simulation, Strategy",0
76561197970698176,214560,Mark of the Ninja,0.5166666666666667,"Action, Adventure, Indie",2
76561197970698176,219910,Edna & Harvey: Harvey's New Eyes,1.7833333333333334,"Adventure, Indie",0
76561197970698176,205100,Dishonored,16.4,"Action, Adventure",11
76561197970698176,200510,XCOM: Enemy Unknown,189.71666666666667,Strategy,58
76561197970698176,223830,Xenonauts,1.75,"Indie, Simulation, Strategy",0
76561197970698176,223220,Giana Sisters: Twisted Dreams,0.0,"Action, Indie",0
76561197970698176,211400,Deadlight,1.8,"Action, Adventure, Indie",8
76561197970698176,218410,Defender's Quest: Valley of the Forgotten (DX edition),4.216666666666667,"Indie, RPG, Strategy",6
76561197970698176,203350,King's Bounty: Warriors of the North,42.86666666666667,"RPG, Strategy",7
76561197970698176,220460,Cargo Commander,0.5666666666666667,"Action, Adventure, Casual, Indie",1
76561197970698176,3700,Sniper Elite,0.0,Action,0
76561197970698176,220240,Far Cry 3,16.266666666666666,"Action, Adventure",0
76561197970698176,4500,S.T.A.L.K.E.R.: Shadow of Chernobyl,0.0,"Action, RPG",0
76561197970698176,226120,Weird Worlds: Return to Infinite Space,0.25,"Adventure, Casual, Indie, Strategy",0
76561197970698176,221640,Super Hexagon,3.216666666666667,"Action, Indie",1
76561197970698176,204940,Crusader Kings Complete,0.0,Strategy,0
76561197970698176,212700,Party of Sin,0.0,"Action, Adventure, Indie",0
76561197970698176,113020,Monaco: What's Yours Is Mine,0.4333333333333333,"Action, Adventure, Casual, Indie, Strategy",1
76561197970698176,34010,Alpha Protocol™,2.2333333333333334,"Action, RPG",0
76561197970698176,227200,Waking Mars,2.283333333333333,"Action, Adventure, Indie",7
76561197970698176,218130,Unknown,0.3166666666666666,,1
76561197970698176,204080,Unknown,0.0,,0
76561197970698176,219890,Antichamber,0.7,"Adventure, Indie",0
76561197970698176,57690,Tropico 4,1.55,"Simulation, Strategy",4
76561197970698176,11020,TrackMania Nations Forever,0.8166666666666667,Racing,0
76561197970698176,109600,Neverwinter,15.583333333333334,"Action, Adventure, Massively Multiplayer, RPG, Free To Play",0
76561197970698176,236390,War Thunder,0.0,"Action, Massively Multiplayer, Simulation, Free To Play",0
76561197970698176,238960,Path of Exile,15.35,"Action, Adventure, Indie, Massively Multiplayer, RPG, Free To Play",5
76561197970698176,258700,Unknown,0.2666666666666666,,0
76561197970698176,265630,Fistful of Frags,0.3333333333333333,"Action, Free To Play, Indie",1
76561197970698176,286100,You Have to Win the Game,0.8833333333333333,"Action, Indie",5
76561197970698176,223750,DCS World Steam Edition,0.0,"Simulation, Free To Play",0
76561197970698176,218700,Angelica Weaver: Catch Me When You Can,0.6166666666666667,"Adventure, Casual",0
76561197970698176,230980,Starseed Pilgrim,0.0333333333333333,"Adventure, Indie",0
76561197970698176,204240,The Bridge,1.5333333333333334,"Adventure, Casual, Indie, Strategy",4
76561197970698176,225260,Brutal Legend,0.0,"Action, Adventure, Strategy",0
76561197970698176,233150,LUFTRAUSERS,0.0166666666666666,"Action, Indie, Simulation",0
76561197970698176,211260,They Bleed Pixels,0.0,"Action, Indie",0
76561197970698176,228260,Fallen Enchantress: Legendary Heroes,3.8833333333333337,"Indie, RPG, Strategy",9
76561197970698176,203160,Unknown,3.933333333333333,,1
76561197970698176,9870,Unknown,0.7333333333333333,,0
76561197970698176,233450,Prison Architect,0.85,,0
76561197970698176,226740,Monster Loves You!,0.5833333333333334,"Adventure, Casual, Indie, RPG, Simulation",1
76561197970698176,225140,Unknown,0.25,,0
76561197970698176,232050,Eador. Masters of the Broken World,2.05,"Indie, RPG, Strategy",0
76561197970698176,235660,Eador: Genesis,0.0,"Indie, Strategy",0
76561197970698176,3830,Psychonauts,0.1666666666666666,Action,0
76561197970698176,115100,Costume Quest,1.7,"Adventure, Casual, RPG",1
76561197970698176,115110,Stacking,0.35,"Adventure, Indie",1
76561197970698176,44350,GRID 2,0.4666666666666667,"Racing, Sports",2
76561197970698176,210770,Sanctum 2,0.0,"Action, Indie, Strategy",0
76561197970698176,222480,Resident Evil Revelations,0.0,"Action, Adventure",0
76561197970698176,202270,Unknown,0.0,,0
76561197970698176,3910,Sid Meier's Civilization® III Complete,0.0666666666666666,Strategy,0
76561197970698176,219740,Don't Starve,8.7,"Adventure, Indie, Simulation",0
76561197970698176,322330,Don't Starve Together,105.26666666666668,"Action, Adventure, Indie, RPG, Simulation, Strategy",0
76561197970698176,224760,FEZ,0.2166666666666666,Indie,0
76561197970698176,234940,The 39 Steps,0.2833333333333333,"Adventure, Casual, Indie",0
76561197970698176,204450,Call of Juarez: Gunslinger,0.0,Action,0
76561197970698176,234650,Shadowrun Returns,6.066666666666666,"Adventure, Indie, RPG, Strategy",0
76561197970698176,233270,Far Cry 3 - Blood Dragon,0.0,"Action, Adventure",0
76561197970698176,65930,The Bureau: XCOM Declassified,1.8333333333333333,Action,0
76561197970698176,237430,Expeditions: Conquistador,1.2333333333333334,"Indie, RPG, Strategy",2
76561197970698176,222730,Reus,1.3333333333333333,"Indie, Simulation, Strategy",15
76561197970698176,35450,Red Orchestra 2: Heroes of Stalingrad with Rising Storm,0.0,"Action, Massively Multiplayer, Simulation",0
76561197970698176,236090,Dust: An Elysian Tail,0.0,"Action, Adventure, Indie, RPG",0
76561197970698176,206190,Gunpoint,1.2333333333333334,"Action, Indie, Strategy",8
76561197970698176,231160,The Swapper,2.05,"Action, Adventure, Indie",0
76561197970698176,242760,The Forest,1.25,"Action, Adventure, Indie, Simulation",2
76561197970698176,242880,"Sir, You Are Being Hunted",1.15,"Action, Indie",0
76561197970698176,233250,Unknown,0.0333333333333333,,0
76561197970698176,243160,Mushroom 11,0.0,"Action, Adventure, Indie",0
76561197970698176,241600,Rogue Legacy,5.783333333333333,"Action, Adventure, Indie, RPG",8
76561197970698176,208140,ENDLESS™ Space - Definitive Edition,6.65,Strategy,1
76561197970698176,204530,Infested Planet,0.0333333333333333,"Action, Indie, Strategy",0
76561197970698176,244710,Shelter,0.15,"Adventure, Indie",0
76561197970698176,243950,Divinity: Dragon Commander,0.45,"Action, RPG, Strategy",5
76561197970698176,241320,Ittle Dew,0.0,"Adventure, Indie",0
76561197970698176,234390,Teleglitch: Die More Edition,0.55,"Action, Indie",2
76561197970698176,246680,Secrets of Rætikon,0.0,"Action, Adventure, Indie",0
76561197970698176,247020,"Cook, Serve, Delicious!",2.0,"Action, Indie, Simulation, Strategy",1
76561197970698176,214770,Guacamelee! Gold Edition,0.1833333333333333,"Action, Adventure, Indie",3
76561197970698176,275390,Guacamelee! Super Turbo Championship Edition,0.0,"Action, Adventure, Indie",0
76561197970698176,225080,Brothers - A Tale of Two Sons,1.7166666666666666,"Action, Adventure, Indie",0
76561197970698176,244070,Sid Meier’s Ace Patrol,0.0,"Casual, Strategy",0
76561197970698176,239030,"Papers, Please",0.9833333333333332,"Adventure, Indie",0
76561197970698176,231040,Beatbuddy: Tale of the Guardians,1.3166666666666669,"Action, Adventure, Casual, Indie",1
76561197970698176,239070,Hammerwatch,0.4,"Action, Adventure, Indie, RPG",0
76561197970698176,239350,Spelunky,2.3,Indie,2
76561197970698176,232430,Gone Home,1.6333333333333333,"Adventure, Indie",0
76561197970698176,249590,Teslagrad,0.0,Indie,0
76561197970698176,249650,Unknown,1.0,,1
76561197970698176,250520,UnderRail,149.35,"Indie, RPG",35
76561197970698176,222900,Dead Island: Epidemic,0.6833333333333333,"Action, Free To Play, Early Access",2
76561197970698176,251130,Chroma Squad,0.0,"Indie, RPG, Strategy",0
76561197970698176,251470,TowerFall Ascension,27.866666666666667,"Action, Indie",3
76561197970698176,251570,7 Days to Die,0.0,"Action, Adventure, Indie, RPG, Simulation, Strategy",0
76561197970698176,251730,Legend of Grimrock 2,36.21666666666667,"Adventure, Indie, RPG",32
76561197970698176,252070,Gimbal,0.0,"Action, Indie",0
76561197970698176,252410,SteamWorld Dig,1.4166666666666667,"Action, Adventure, Indie",3
76561197970698176,252430,Dusty Revenge:Co-Op Edition,0.0,"Action, Indie",0
76561197970698176,252850,Streamline,0.0,"Action, Indie, Sports, Early Access",0
76561197970698176,252950,Rocket League®,67.41666666666667,"Action, Indie, Racing, Sports",34
76561197970698176,253030,Race The Sun,2.05,"Action, Indie, Racing",7
76561197970698176,25800,Europa Universalis III Complete,0.0666666666666666,Strategy,0
76561197970698176,253900,Knights and Merchants,0.0,"Simulation, Strategy",0
76561197970698176,253980,Enclave,0.0,"Action, RPG",0
76561197970698176,3370,Unknown,0.0666666666666666,,0
76561197970698176,3390,Feeding Frenzy 2 Deluxe,0.0,Casual,0
76561197970698176,3480,Peggle Deluxe,0.7333333333333333,Casual,0
76561197970698176,3600,Escape Rosecliff Island,0.0,Casual,0
76561197970698176,78000,Bejeweled® 3,0.0,"Casual, Strategy",0
76561197970698176,247660,Deadly Premonition: The Director's Cut,0.0,"Action, Adventure",0
76561197970698176,226620,Desktop Dungeons,8.55,"Adventure, Casual, Indie, RPG, Strategy",3
76561197970698176,1976950,Desktop Dungeons: Rewind,0.0,"Adventure, Indie, Strategy",0
76561197970698176,219990,Grim Dawn,252.21666666666667,"Action, Adventure, Indie, RPG",35
76561197970698176,238910,Bionic Dues,0.6833333333333333,"Indie, RPG, Strategy",0
76561197970698176,257350,Baldur's Gate II: Enhanced Edition,3.8666666666666663,"Adventure, RPG",0
76561197970698176,247000,Talisman: Digital Classic Edition,2.55,"Indie, RPG, Strategy, Free To Play",1
76561197970698176,241910,Goodbye Deponia,0.0,"Adventure, Indie",0
76561197970698176,238930,7 Grand Steps: What Ancients Begat,3.65,"Casual, Indie, Simulation, Strategy",0
76561197970698176,258910,Citizens of Earth,1.4666666666666666,RPG,0
76561197970698176,259680,Tales of Maj'Eyal,1236.4,"Adventure, Indie, RPG",481
76561197970698176,94400,Nidhogg,0.1166666666666666,"Action, Indie, Sports",0
76561197970698176,221910,The Stanley Parable,2.1333333333333333,"Adventure, Indie",3
76561197970698176,235620,Small World,0.0833333333333333,"Casual, Indie, Strategy",0
76561197970698176,205990,Warlock 2: The Exiled,20.983333333333334,Strategy,30
76561197970698176,244090,Sid Meier’s Ace Patrol: Pacific Skies,0.0,"Casual, Strategy",0
76561197970698176,238430,Contagion,1.0,"Action, Adventure, Indie",0
76561197970698176,261470,Distant Worlds: Universe,1.3166666666666669,"Simulation, Strategy",0
76561197970698176,262060,Darkest Dungeon®,2.9166666666666665,"Indie, RPG, Strategy",0
76561197970698176,262280,Dungeons 2,0.0,"RPG, Simulation, Strategy",0
76561197970698176,263280,Unknown,0.75,,0
76561197970698176,263380,Driftmoon,2.533333333333333,"Adventure, Indie, RPG",2
76561197970698176,263460,Girls Like Robots,0.0,"Adventure, Casual, Indie",0
76561197970698176,264240,CONSORTIUM,2.683333333333333,"Action, Adventure, Indie, RPG",1
76561197970698176,264710,Subnautica,5.066666666666666,"Adventure, Indie",1
76561197970698176,227300,Euro Truck Simulator 2,0.0,"Indie, Simulation",0
76561197970698176,215530,The Incredible Adventures of Van Helsing,1.8166666666666669,"Action, Adventure, Indie, RPG",11
76561197970698176,265890,Hexcells,1.1333333333333333,"Casual, Indie, Strategy",6
76561197970698176,266110,Tower of Guns,0.0833333333333333,"Action, Indie",0
76561197970698176,266210,One Way Heroics,0.7333333333333333,"Indie, RPG",8
76561197970698176,266550,Unknown,0.0666666666666666,,0
76561197970698176,226840,Age of Wonders III,2.1666666666666665,"RPG, Strategy",9
76561197970698176,230230,Divinity: Original Sin (Classic),40.9,"Adventure, Indie, RPG, Strategy",9
76561197970698176,373420,Divinity: Original Sin - Enhanced Edition,13.85,"Adventure, Indie, RPG, Strategy",3
76561197970698176,249050,Dungeon of the ENDLESS™,0.9,"Adventure, Indie, RPG, Strategy",0
76561197970698176,268870,Satellite Reign,0.45,"Action, Indie, Strategy",1
76561197970698176,269110,Super Motherload,0.1,"Adventure, Casual, Indie, RPG",0
76561197970698176,269170,Sports Bar VR,2.033333333333333,"Casual, Indie, Simulation, Sports, Strategy",3
76561197970698176,270450,Robot Roller-Derby Disco Dodgeball,0.0,"Action, Indie, Sports",0
76561197970698176,270770,Etherlords,0.0,Strategy,0
76561197970698176,270790,Etherlords II,0.9166666666666666,"Adventure, Indie, RPG, Strategy",0
76561197970698176,235460,METAL GEAR RISING: REVENGEANCE,0.45,Action,0
76561197970698176,550,Left 4 Dead 2,0.8166666666666667,Action,0
76561197970698176,271290,Unknown,0.65,,0
76561197970698176,7670,BioShock™,0.0,"Action, RPG",0
76561197970698176,8850,BioShock® 2,0.5166666666666667,Action,2
76561197970698176,8870,BioShock Infinite,0.85,Action,1
76561197970698176,409710,BioShock™ Remastered,0.0,"Action, RPG",0
76561197970698176,409720,BioShock™ 2 Remastered,0.0,"Action, RPG",0
76561197970698176,271900,Hexcells Plus,6.933333333333334,"Casual, Indie, Strategy",5
76561197970698176,232790,Broken Age,0.0,"Adventure, Casual, Indie",0
76561197970698176,224480,Octodad: Dadliest Catch,0.0,"Action, Adventure, Indie",0
76561197970698176,222880,Insurgency,0.55,"Action, Indie, Strategy",0
76561197970698176,278360,A Story About My Uncle,0.0,"Adventure, Casual, Indie",0
76561197970698176,279480,Abalone,0.5833333333333334,"Casual, Strategy",3
76561197970698176,280220,Creeper World 3: Arc Eternal,0.8833333333333333,"Indie, Simulation, Strategy",10
76561197970698176,281990,Stellaris,33.36666666666667,"Simulation, Strategy",11
76561197970698176,282440,Quake Live,1.8,Action,0
76561197970698176,282590,Star Ruler 2,1.6333333333333333,"Indie, Strategy",1
76561197970698176,283290,Nosferatu: The Wrath of Malachi,0.1166666666666666,"Action, Adventure",0
76561197970698176,283880,Heroine's Quest: The Herald of Ragnarok,0.0,"Adventure, Indie, RPG, Free To Play",0
76561197970698176,286160,Tabletop Simulator,0.4,"Casual, Indie, RPG, Simulation, Strategy",1
76561197970698176,249380,Unknown,1.15,,4
76561197970698176,505170,Carmageddon: Max Damage,0.0,Action,0
76561197970698176,287700,METAL GEAR SOLID V: THE PHANTOM PAIN,6.083333333333333,"Action, Adventure",6
76561197970698176,287980,Mini Metro,5.533333333333333,"Indie, Simulation, Strategy",9
76561197970698176,288160,The Room,3.2666666666666666,"Adventure, Indie",4
76561197970698176,289520,Unknown,65.01666666666667,,12
76561197970698176,289760,Unknown,0.0,,0
76561197970698176,290040,Unknown,0.0,,0
76561197970698176,291410,Unknown,16.75,,7
76561197970698176,293260,Unknown,0.8,,1
76561197970698176,293560,Unknown,1.7,,5
76561197970698176,294020,Unknown,7.383333333333334,,5
76561197970698176,201810,Unknown,0.65,,4
76561197970698176,20510,Unknown,0.0,,0
76561197970698176,296570,Unknown,41.31666666666667,,0
76561197970698176,296650,The Great Jitters: Pudding Panic,0.0333333333333333,"Action, Casual, Indie, Strategy",0
76561197970698176,297000,Heroes® of Might & Magic® III - HD Edition,0.0,"RPG, Strategy",0
76561197970698176,236830,Unknown,0.0,,0
76561197970698176,289130,ENDLESS™ Legend,22.5,"RPG, Strategy",25
76561197970698176,298050,Master of Orion,2.1666666666666665,Strategy,4
76561197970698176,410970,Master of Orion 1,0.0,Strategy,0
76561197970698176,410980,Master of Orion 2,0.0,Strategy,0
76561197970698176,410990,Master of Orion 3,0.0,Strategy,0
76561197970698176,238460,BattleBlock Theater®,39.3,"Action, Adventure, Casual, Indie",13
76561197970698176,300550,Shadowrun: Dragonfall - Director's Cut,11.066666666666666,"Adventure, Indie, RPG, Strategy",8
76561197970698176,300570,Infinifactory,0.1833333333333333,"Indie, Simulation",2
76561197970698176,203730,Q.U.B.E.,0.0,"Action, Indie, Simulation",0
76561197970698176,239430,Q.U.B.E: Director's Cut,1.4666666666666666,"Action, Adventure, Indie",2
76561197970698176,302850,Team Indie,0.0,"Action, Indie",0
76561197970698176,304410,Hexcells Infinite,63.166666666666664,"Casual, Indie, Strategy",7
76561197970698176,18400,Crazy Machines 2,0.0,"Casual, Strategy",0
76561197970698176,304930,Unturned,0.0666666666666666,"Action, Adventure, Casual, Indie, Free To Play",0
76561197970698176,39650,The Guild II,0.0,"Simulation, Strategy",0
76561197970698176,39660,The Guild II - Pirates of the European Seas,0.0,"Simulation, Strategy",0
76561197970698176,39680,The Guild II Renaissance,0.0,"Simulation, Strategy",0
76561197970698176,8600,RACE 07,0.15,Racing,0
76561197970698176,8660,GTR Evolution Expansion Pack for RACE 07,0.0166666666666666,Racing,0
76561197970698176,211500,RaceRoom Racing Experience,0.3833333333333333,"Racing, Simulation, Sports, Free To Play",0
76561197970698176,38400,Fallout: A Post Nuclear Role Playing Game,0.9666666666666668,RPG,0
76561197970698176,38410,Fallout 2: A Post Nuclear Role Playing Game,3.3,RPG,0
76561197970698176,38420,Fallout Tactics: Brotherhood of Steel,0.0,Strategy,0
76561197970698176,302380,Floating Point,0.4833333333333333,"Casual, Free To Play, Indie",0
76561197970698176,310380,Unknown,0.05,,0
76561197970698176,240760,Wasteland 2: Director's Cut,35.483333333333334,"Adventure, Indie, RPG, Strategy",5
76561197970698176,259130,Wasteland 1 - The Original Classic,0.1333333333333333,"Adventure, Indie, RPG, Strategy",0
76561197970698176,404730,Wasteland 2: Director's Cut,25.366666666666667,"Adventure, Indie, RPG, Strategy",2
76561197970698176,311720,Sproggiwood,5.05,"Indie, RPG, Strategy",7
76561197970698176,282010,Unknown,0.0,"Action, Indie, Racing",0
76561197970698176,282030,Unknown,0.0,,0
76561197970698176,314070,Unknown,0.0,,0
76561197970698176,247080,Unknown,3.15,,0
76561197970698176,314830,Unknown,25.116666666666667,,19
76561197970698176,255070,Unknown,0.1333333333333333,,1
76561197970698176,317040,Unknown,0.0,,0
76561197970698176,318600,Unknown,1.2833333333333334,,0
76561197970698176,318970,Unknown,5.916666666666667,,2
76561197970698176,65980,Unknown,31.0,,23
76561197970698176,319470,Unknown,0.1333333333333333,,1
76561197970698176,241930,Unknown,21.366666666666667,,31
76561197970698176,17580,Unknown,0.0,,0
76561197970698176,322190,Unknown,0.6333333333333333,,1
76561197970698176,322770,Unknown,6.35,,0
76561197970698176,323320,Unknown,0.1666666666666666,,0
76561197970698176,302510,Unknown,0.0,,0
76561197970698176,325090,Unknown,0.5166666666666667,,5
76561197970698176,327410,Unknown,0.1666666666666666,,0
76561197970698176,328500,Potatoman Seeks the Troof,0.0,Indie,0
76561197970698176,328730,Letter Quest: Grimm's Journey,1.45,"Casual, Indie",2
76561197970698176,373970,Letter Quest: Grimm's Journey Remastered,0.0,"Casual, Indie",0
76561197970698176,329380,Stealth Inc 2: A Game of Clones,0.0,"Action, Adventure, Indie",0
76561197970698176,330660,Luna's Wandering Stars,0.0,"Action, Indie, Simulation",0
76561197970698176,330820,2064: Read Only Memories,0.0833333333333333,"Adventure, Indie",0
76561197970698176,331360,Heavy Metal Machines,0.2166666666666666,"Action, Casual, Free To Play, Indie, Sports",0
76561197970698176,332500,GRAV,0.0,"Action, Adventure, Indie, RPG, Early Access",0
76561197970698176,49600,Beat Hazard,0.0,"Action, Casual, Indie",0
76561197970698176,333300,ADOM (Ancient Domains Of Mystery),13.933333333333334,"Adventure, Indie, RPG, Strategy",15
76561197970698176,333930,Dirty Bomb®,68.0,"Action, Free To Play",34
76561197970698176,335620,Star Traders: Frontiers,6.016666666666667,"RPG, Strategy",0
76561197970698176,331650,Carmageddon TDR 2000,0.0,"Action, Indie, Racing",0
76561197970698176,337150,Sentinels of the Multiverse,0.0,"Indie, Strategy",0
76561197970698176,332530,Shutshimi,0.0,"Action, Indie",0
76561197970698176,319630,Life is Strange - Episode 1,0.6166666666666667,"Action, Adventure",1
76561197970698176,304650,SUNLESS SEA,69.11666666666666,"Adventure, Indie, RPG",27
76561197970698176,242680,Nuclear Throne,3.4166666666666665,"Action, Indie, RPG",6
76561197970698176,340050,Survivalist,1.0666666666666669,"Action, Adventure, Indie, RPG, Simulation, Strategy",0
76561197970698176,340270,TIMEframe,0.0,"Casual, Indie",0
76561197970698176,342620,It came from space and ate our brains,0.15,"Action, Casual, Indie",2
76561197970698176,343730,Irrational Exuberance: Prologue,0.35,"Adventure, Casual, Free To Play, Indie",0
76561197970698176,343740,InMind VR,0.0666666666666666,"Action, Casual, Indie, Free To Play",0
76561197970698176,345520,Infinite Crisis™,1.3,"Action, Free To Play, Strategy",0
76561197970698176,253390,Hot Tin Roof: The Cat That Wore A Fedora,0.0333333333333333,"Action, Adventure, Indie, RPG",1
76561197970698176,270810,Jones On Fire,0.0,"Action, Casual, Indie, Racing",0
76561197970698176,345860,Super Galaxy Squadron EX Turbo,0.0,"Action, Indie",0
76561197970698176,346940,Shadowrun: Hong Kong - Extended Edition,0.3833333333333333,"Adventure, Indie, RPG, Strategy",0
76561197970698176,266510,Hand of Fate,0.7333333333333333,"Action, Indie, RPG",2
76561197970698176,348250,Google Earth VR,3.4833333333333334,"Adventure, Casual, Free To Play, Simulation",0
76561197970698176,351080,The Corporate Machine,0.0,"Simulation, Strategy",0
76561197970698176,291650,Unknown,40.516666666666666,,3
76561197970698176,353540,Unknown,2.683333333333333,,0
76561197970698176,353700,Unknown,0.0,,0
76561197970698176,255710,Unknown,26.333333333333332,,17
76561197970698176,358130,Unknown,1.1,,0
76561197970698176,359190,Unknown,0.0,,0
76561197970698176,359960,Unknown,0.0,,0
76561197970698176,360740,Unknown,0.7833333333333333,,3
76561197970698176,362890,Unknown,8.366666666666667,,0
76561197970698176,329460,Unknown,0.0,,0
76561197970698176,365360,Unknown,8.75,,12
76561197970698176,365450,Unknown,0.0,,0
76561197970698176,365720,Unknown,0.0,,0
76561197970698176,365770,Unknown,0.0666666666666666,,0
76561197970698176,365670,Unknown,3.0833333333333335,,0
76561197970698176,367500,Unknown,2.5166666666666666,,5
76561197970698176,367520,Hollow Knight,2.6166666666666667,"Action, Adventure, Indie",2
76561197970698176,368370,Her Story,2.85,"Adventure, Casual, Indie, Simulation",10
76561197970698176,368710,Power of Love,0.0,"Casual, Indie, Strategy",0
76561197970698176,368730,No Time To Explain Remastered,0.2166666666666666,"Action, Adventure, Casual, Indie",0
76561197970698176,249230,Risen 3 - Titan Lords,27.4,RPG,10
76561197970698176,369990,"Gremlins, Inc.",3.35,"Indie, Strategy",6
76561197970698176,370360,TIS-100,0.0,"Indie, Simulation",0
76561197970698176,243970,"Invisible, Inc.",2.6,"Action, Indie, Strategy",3
76561197970698176,226860,Galactic Civilizations III,0.0,Strategy,0
76561197970698176,372490,GROOVY,0.0,"Action, Adventure, Indie, Racing, Sports, Strategy",0
76561197970698176,375820,Human Resource Machine,0.0,"Casual, Indie, Simulation",0
76561197970698176,376680,Splendor,0.3666666666666666,"Casual, Strategy",3
76561197970698176,377160,Fallout 4,27.5,RPG,13
76561197970698176,378720,Thea: The Awakening,17.883333333333333,"Indie, RPG, Strategy",5
76561197970698176,380670,Final Approach,0.4333333333333333,"Action, Casual, Indie, Simulation, Strategy",6
76561197970698176,481420,Final Approach: Pilot Edition,0.0,Simulation,0
76561197970698176,236870,HITMAN™,0.95,Action,2
76561197970698176,8980,Borderlands Game of the Year,0.0,"Action, RPG",0
76561197970698176,729040,Borderlands Game of the Year Enhanced,0.0,"Action, RPG",0
76561197970698176,49520,Borderlands 2,11.033333333333331,"Action, RPG",7
76561197970698176,381780,80 Days,5.716666666666667,"Adventure, Indie, Strategy",7
76561197970698176,381940,Trials on Tatooine,0.1333333333333333,Action,0
76561197970698176,384190,ABZU,0.1666666666666666,"Adventure, Casual, Indie, Simulation",0
76561197970698176,345180,Victor Vran ARPG,11.683333333333334,"Action, Adventure, Indie, RPG",14
76561197970698176,317820,Guild of Dungeoneering Ultimate Edition,7.383333333333334,"Indie, RPG",16
76561197970698176,388210,Day of the Tentacle Remastered,0.0,Adventure,0
76561197970698176,391720,Layers of Fear (2016),0.0,"Adventure, Indie",0
76561197970698176,391730,Crashlands,0.0,"Action, Adventure, Indie, RPG",0
76561197970698176,392110,ENDLESS™ Space 2,51.31666666666667,Strategy,28
76561197970698176,392230,Unknown,0.4833333333333333,,0
76561197970698176,400180,Unknown,0.0,,0
76561197970698176,245170,Unknown,0.4333333333333333,,0
76561197970698176,400630,Unknown,1.2333333333333334,,0
76561197970698176,57300,Unknown,0.55,,0
76561197970698176,403950,Unknown,8.15,,0
76561197970698176,403970,Unknown,0.15,,0
76561197970698176,404620,Unknown,0.0,,0
76561197970698176,404410,Unknown,0.7166666666666667,,0
76561197970698176,15700,Unknown,0.0,,0
76561197970698176,328760,Unknown,0.3833333333333333,,0
76561197970698176,407060,Unknown,0.2333333333333333,,0
76561197970698176,407810,Hard Reset Redux,0.0,,0
76561197970698176,408120,Cibele,0.0666666666666666,Indie,0
76561197970698176,409160,"Dr. Langeskov, The Tiger, and The Terribly Cursed Emerald: A Whirlwind Heist",0.4666666666666667,"Free To Play, Indie",1
76561197970698176,236110,Dungeon Defenders II,0.0,"Action, Indie, RPG, Strategy, Free To Play",0
76561197970698176,411000,Sorcery! Parts 1 and 2,1.1666666666666667,"Adventure, Indie, RPG",0
76561197970698176,411300,ELEX,43.7,"Action, Adventure, RPG",11
76561197970698176,411560,Reveal The Deep,0.05,"Casual, Indie",0
76561197970698176,411820,The FOO Show featuring Will Smith,0.35,"Simulation, Early Access",0
76561197970698176,412050,HordeZ,1.4333333333333331,"Action, Indie",0
76561197970698176,238210,System Shock 2,0.0,"Action, RPG",0
76561197970698176,410700,Unknown,0.0,,0
76561197970698176,410710,System Shock: Enhanced Edition,0.0,"Action, Adventure, RPG",0
76561197970698176,412740,Audioshield,7.533333333333333,Indie,0
76561197970698176,413150,Stardew Valley,481.56666666666666,"Indie, RPG, Simulation",31
76561197970698176,415670,Highrise Heroes: Word Challenge,2.4833333333333334,"Adventure, Indie, Strategy",15
76561197970698176,416770,SquareCells,3.6666666666666665,"Casual, Indie",6
76561197970698176,307670,Hard West,3.783333333333333,"Adventure, Indie, RPG, Strategy",4
76561197970698176,108200,Ticket to Ride: Classic Edition,28.716666666666665,"Casual, Indie, Strategy",0
76561197970698176,418650,Space Pirate Trainer,13.85,Action,4
76561197970698176,419480,Starpoint Gemini Warlords,1.45,"Action, RPG, Simulation, Strategy",2
76561197970698176,420840,BLARP!,0.25,"Casual, Indie",0
76561197970698176,422860,Holodance,0.9,"Casual, Indie, Sports",1
76561197970698176,423580,Project Highrise,0.0,"Simulation, Strategy",0
76561197970698176,422970,Devil Daggers,3.4833333333333334,"Action, Indie",0
76561197970698176,424250,Balrum,3.466666666666667,"Adventure, Indie, RPG, Strategy",0
76561197970698176,270880,American Truck Simulator,0.0,"Indie, Simulation",0
76561197970698176,268500,XCOM® 2,117.95,Strategy,42
76561197970698176,427520,Factorio,11.583333333333334,"Casual, Indie, Simulation, Strategy",0
76561197970698176,427760,A Chair in a Room : Greenwater,1.8333333333333333,"Adventure, Indie, Simulation",0
76561197970698176,210970,The Witness,9.916666666666666,"Adventure, Indie",0
76561197970698176,432010,World's Dawn,1.0333333333333334,"Casual, Indie, RPG, Simulation",0
76561197970698176,424280,Iron Snout,0.9,"Action, Indie, Free To Play",13
76561197970698176,434430,Abbot's Book Demo,0.0666666666666666,"Adventure, Free To Play, Indie, RPG",0
76561197970698176,435400,Unknown,0.1666666666666666,,0
76561197970698176,436220,Unknown,1.7833333333333334,,3
76561197970698176,436280,Unknown,0.0,,0
76561197970698176,436320,Unknown,2.4,,0
76561197970698176,436820,Unknown,1.2833333333333334,,0
76561197970698176,437250,Unknown,1.0333333333333334,,1
76561197970698176,440540,Unknown,0.0,,0
76561197970698176,444090,Unknown,55.65,,26
76561197970698176,596350,Unknown,0.0,,0
76561197970698176,394130,Unknown,1.1166666666666667,,4
76561197970698176,396030,InCell VR,0.0,"Indie, Racing, Strategy, Free To Play",0
76561197970698176,446750,Unknown,0.4666666666666667,,0
76561197970698176,446770,Unknown,0.0666666666666666,,1
76561197970698176,327140,Unknown,3.8666666666666663,,0
76561197970698176,386690,Unknown,1.3666666666666667,,0
76561197970698176,448280,Unknown,1.6333333333333333,,0
76561197970698176,447270,Unknown,0.0333333333333333,,0
76561197970698176,449960,Book of Demons,9.75,"Action, Adventure, Casual, Indie, RPG",72
76561197970698176,450390,The Lab,4.916666666666667,Free To Play,0
76561197970698176,451840,Out of Ammo,0.2666666666666666,"Action, Indie, Strategy",1
76561197970698176,451980,The Body VR: Journey Inside a Cell,0.0,"Casual, Simulation",0
76561197970698176,452060,Caveblazers,2.6,"Action, Adventure, Indie",4
76561197970698176,452490,The Cubicle.,0.1,"Action, Adventure, Casual, Free To Play, Indie, Simulation",0
76561197970698176,452710,Realities,0.1833333333333333,"Adventure, Free To Play, Simulation",0
76561197970698176,453190,Unknown,0.1,,0
76561197970698176,455440,Spell Fighter VR,0.0833333333333333,"Action, Adventure, Indie, RPG",0
76561197970698176,457420,Surgeon Simulator VR: Meet The Medic,0.05,"Action, Indie, Simulation, Free To Play",0
76561197970698176,457550,Bigscreen Beta,0.1833333333333333,"Action, Free To Play, Simulation",0
76561197970698176,457670,Vrideo,0.6666666666666666,Utilities,0
76561197970698176,457960,Holopoint,3.066666666666667,"Action, Indie, Simulation, Sports",5
76561197970698176,457320,HoloBall,3.65,"Action, Indie, Sports",4
76561197970698176,460700,Song of the Deep,0.2666666666666666,Adventure,0
76561197970698176,460850,Allumette,0.0,"Casual, Indie",0
76561197970698176,271240,Offworld Trading Company,16.3,"Indie, Simulation, Strategy",30
76561197970698176,462910,Poly Runner VR,0.0833333333333333,"Casual, Indie",0
76561197970698176,462000,Cyberpong,1.0833333333333333,"Action, Casual, Sports",0
76561197970698176,464540,Colosse,0.0833333333333333,Adventure,0
76561197970698176,465930,OddPlanet,0.0,"Adventure, Indie",0
76561197970698176,466500,35MM,0.0166666666666666,Indie,0
76561197970698176,466560,Northgard,6.716666666666667,"Adventure, Indie, Simulation, Strategy",8
76561197970698176,466900,Hide & Spook: The Haunted Alchemist,0.0,Action,0
76561197970698176,458890,Within VR - Cinematic Virtual Reality,2.0166666666666666,,0
76561197970698176,468700,NVIDIA® VR Funhouse,0.0,"Casual, Free To Play",0
76561197970698176,469650,Disney Movies VR,0.1166666666666666,Utilities,0
76561197970698176,469800,Evolution Board Game,40.13333333333333,"Casual, Indie, Simulation, Strategy",9
76561197970698176,453170,Unknown,0.9166666666666666,,0
76561197970698176,470780,She Remembered Caterpillars,0.0,Indie,0
76561197970698176,471010,Seven: Enhanced Edition,0.7333333333333333,"Action, Adventure, Indie, RPG",1
76561197970698176,471630,Rexodus: A VR Story Experience,0.0,"Casual, Free To Play, Indie",0
76561197970698176,471710,Rec Room,1.9166666666666667,"Adventure, Casual, Massively Multiplayer, Free To Play",0
76561197970698176,473690,Unknown,0.2,"Action, Adventure, Indie",0
76561197970698176,475520,Unknown,0.8833333333333333,,1
76561197970698176,476460,Unknown,0.05,,0
76561197970698176,477130,Unknown,0.0666666666666666,,0
76561197970698176,477160,Unknown,0.95,,6
76561197970698176,383150,Unknown,0.0,,0
76561197970698176,482390,Unknown,0.1333333333333333,,0
76561197970698176,483260,Unknown,0.0,,0
76561197970698176,484870,Unknown,1.3166666666666669,,0
76561197970698176,485490,Unknown,0.0,,0
76561197970698176,486360,Unknown,0.0,,0
76561197970698176,488150,Unknown,2.2666666666666666,,0
76561197970698176,488310,Unknown,3.0,,0
76561197970698176,491510,Unknown,0.05,,0
76561197970698176,491950,Unknown,0.0,,0
76561197970698176,493080,Unknown,7.85,,8
76561197970698176,494150,The Thrill of the Fight - VR Boxing,0.3333333333333333,"Action, Sports",0
76561197970698176,483680,PolyDome,0.05,"Casual, Free To Play, Simulation, Early Access",0
76561197970698176,494720,Morphblade,0.5333333333333333,"Casual, Indie",0
76561197970698176,496180,GE Neuro,0.0,"Casual, Simulation",0
76561197970698176,496250,Paddle Up,1.1166666666666667,"Indie, Sports, Early Access",2
76561197970698176,496920,Unknown,0.1,,0
76561197970698176,497800,Golden Krone Hotel,3.2666666666666666,"Adventure, Indie, RPG, Strategy",5
76561197970698176,497820,Quanero VR,0.25,Free To Play,0
76561197970698176,499540,Wake Up,0.2,"Adventure, Indie",0
76561197970698176,273350,Evolve Stage 2,0.0,"Action, Free To Play",0
76561197970698176,501180,Acan's Call: Act 1,0.1666666666666666,"Action, Adventure, RPG",0
76561197970698176,506870,Unexplored,5.033333333333333,"Action, Adventure, Indie, RPG",13
76561197970698176,514620,Ellipsis,0.4333333333333333,"Action, Indie",4
76561197970698176,517550,The Enlightened League of Bone Builders and the Osseous Enigma,0.0,"Adventure, Casual, Indie, Simulation, Strategy",0
76561197970698176,518580,Accounting (Legacy),0.1666666666666666,"Adventure, Indie",0
76561197970698176,518620,Ballistick,0.0,"Action, Indie",0
76561197970698176,289070,Sid Meier’s Civilization® VI,58.68333333333333,Strategy,37
76561197970698176,520600,Purrfect Date - Visual Novel/Dating Simulator,0.0,"Adventure, Casual, Indie, RPG, Simulation",0
76561197970698176,496730,Sorcerer King: Rivals,0.0,"Adventure, Indie, RPG, Strategy",0
76561197970698176,529150,Lazerbait,0.15,"Indie, Strategy",0
76561197970698176,533970,Blocks by Google,0.0,"Free To Play, Design & Illustration",0
76561197970698176,221680,Rocksmith® 2014 Edition REMASTERED LEARN & PLAY,8.333333333333334,"Casual, Simulation",2
76561197970698176,542170,Edmersiv,1.9666666666666663,Education,0
76561197970698176,544590,Death Dojo,0.0666666666666666,"Violent, Action",0
76561197970698176,544730,Catan Universe,5.9,"Casual, Strategy",6
76561197970698176,544330,Snake Pass,0.0,"Adventure, Casual, Indie",0
76561197970698176,546200,Gnomes Garden 3: The thief of castles,1.4,"Casual, Strategy",6
76561197970698176,489830,The Elder Scrolls V: Skyrim Special Edition,32.516666666666666,RPG,11
76561197970698176,549760,Evolution VR,1.1,"Action, Casual, Indie, Strategy",0
76561197970698176,550820,Kitten Cannon,0.1,Casual,0
76561197970698176,551110,Wayout,0.2333333333333333,"Casual, Indie",5
76561197970698176,552620,ATOM RPG: Post-apocalyptic indie game,4.416666666666667,RPG,4
76561197970698176,553960,Husk,0.0,"Action, Adventure, Indie",0
76561197970698176,556180,Unknown,0.0,,0
76561197970698176,507490,Unknown,0.1166666666666666,,1
76561197970698176,559010,Unknown,0.1166666666666666,,0
76561197970698176,562230,Unknown,14.916666666666666,,6
76561197970698176,565030,Unknown,0.0,,0
76561197970698176,568320,Unknown,2.7666666666666666,,4
76561197970698176,578080,PUBG: BATTLEGROUNDS,103.11666666666666,"Action, Adventure, Massively Multiplayer, Free To Play",1
76561197970698176,581270,Unknown,0.2333333333333333,,0
76561197970698176,584170,Unknown,0.0,,0
76561197970698176,588950,Unknown,10.083333333333334,,9
76561197970698176,590380,Unknown,2.45,,4
76561197970698176,595140,Unknown,0.0,,0
76561197970698176,597180,Unknown,1699.6833333333334,,376
76561197970698176,597220,Unknown,13.75,,6
76561197970698176,597970,Unknown,12.533333333333331,,0
76561197970698176,598810,Unknown,0.0,,0
76561197970698176,599140,Unknown,15.85,,17
76561197970698176,599390,Unknown,5.816666666666666,,0
76561197970698176,600140,Belko VR: An Escape Room Experiment,0.0,"Action, Casual, Free To Play, Indie, Strategy",0
76561197970698176,608000,Buzz Aldrin: Cycling Pathways to Mars,0.1833333333333333,Education,0
76561197970698176,608800,Guns of Icarus Alliance,0.0,"Action, Adventure, Indie, Simulation",0
76561197970698176,609490,Minit,2.183333333333333,"Adventure, Indie",13
76561197970698176,611670,The Elder Scrolls V: Skyrim VR,2.5166666666666666,RPG,2
76561197970698176,612390,Dandara: Trials of Fear Edition,0.0,"Action, Indie",0
76561197970698176,612570,Fort Triumph,23.35,"Indie, Strategy",12
76561197970698176,615610,Orbt XL,1.7333333333333334,"Action, Casual, Indie",16
76561197970698176,617480,Tower of Time,43.18333333333333,"Indie, RPG, Strategy",48
76561197970698176,619700,Steel Rats™,0.4833333333333333,"Action, Racing",1
76561197970698176,620980,Beat Saber,11.233333333333333,Indie,8
76561197970698176,622440,Pandemic: The Board Game,0.0,"Simulation, Strategy",0
76561197970698176,625470,The Red Stare,1.2833333333333334,"Action, Free To Play, Indie",3
76561197970698176,625960,Stoneshard,16.316666666666666,"Adventure, Indie, RPG, Strategy, Early Access",6
76561197970698176,627690,Idle Champions of the Forgotten Realms,8.983333333333333,"Action, Adventure, Indie, Strategy, Free To Play",5
76561197970698176,632000,CrossCells,3.2333333333333334,"Casual, Indie, Strategy",9
76561197970698176,633460,Tannenberg,0.0,"Action, Indie, Massively Multiplayer, Simulation, Strategy",0
76561197970698176,505700,Anyland,0.0166666666666666,"Adventure, Casual, Indie, Massively Multiplayer",0
76561197970698176,204300,Awesomenauts - the 2D moba,1.6833333333333331,"Action, Indie, Strategy, Free To Play",5
76561197970698176,646570,Slay the Spire,65.5,"Indie, Strategy",23
76561197970698176,218620,PAYDAY 2,0.0,"Action, RPG",0
76561197970698176,655480,Solar Settlers,8.166666666666666,Strategy,8
76561197970698176,661430,LineWay,1.55,"Casual, Indie",0
76561197970698176,634160,Cattails | Become a Cat!,0.3166666666666666,"Casual, Indie, RPG, Simulation",1
76561197970698176,493900,Dungeons 3,0.0,"Simulation, Strategy",0
76561197970698176,676420,SiNKR,0.15,"Casual, Indie, Strategy",2
76561197970698176,676820,Subsurface Circular,0.0,"Adventure, Casual, Indie",0
76561197970698176,677160,We Were Here Too,0.0,"Adventure, Casual, Indie",0
76561197970698176,698780,Doki Doki Literature Club!,0.1666666666666666,"Casual, Free To Play, Indie",0
76561197970698176,699600,PEG,0.0333333333333333,"Casual, Indie, Strategy",0
76561197970698176,22350,BRINK,0.2,"Action, Free To Play",1
76561197970698176,709920,Tametsi,9.966666666666669,Indie,4
76561197970698176,712730,SIMULACRA,1.8,"Adventure, Indie, Simulation",5
76561197970698176,435150,Unknown,344.9166666666667,,62
76561197970698176,717190,Unknown,0.5166666666666667,,1
76561197970698176,718560,Unknown,0.0,,0
76561197970698176,743130,Unknown,0.0,,0
76561197970698176,427460,Unknown,0.0,,0
76561197970698176,504370,Unknown,2.3,,0
76561197970698176,755790,Unknown,3.533333333333333,,0
76561197970698176,758370,Unknown,222.31666666666663,,85
76561197970698176,760060,Unknown,9.233333333333333,,6
76561197970698176,368230,Unknown,0.9166666666666666,,2
76561197970698176,770100,Unknown,3.1,,2
76561197970698176,780290,Unknown,9.016666666666667,,0
76561197970698176,537140,Unknown,0.4333333333333333,,0
76561197970698176,800270,Unknown,5.216666666666667,,5
76561197970698176,209670,Unknown,0.1166666666666666,,2
76561197970698176,811320,Unknown,14.35,,8
76561197970698176,813820,Unknown,2.8,,0
76561197970698176,878760,Unknown,0.0,,0
76561197970698176,823130,Totally Accurate Battlegrounds,0.4,"Action, Indie, Free To Play",0
76561197970698176,560130,Pillars of Eternity II: Deadfire,70.33333333333333,RPG,10
76561197970698176,24200,DC Universe™ Online,0.0,"Action, Adventure, Massively Multiplayer, RPG, Free To Play",0
76561197970698176,839770,Phoenix Point,0.0,"RPG, Strategy",0
76561197970698176,840210,Arkham Horror: Mother's Embrace,0.1,"Adventure, RPG",0
76561197970698176,203770,Crusader Kings II,0.0,"RPG, Simulation, Strategy, Free To Play",0
76561197970698176,439190,Stories: The Path of Destinies,0.0833333333333333,"Action, Adventure, Indie, RPG",0
76561197970698176,870690,Galaxy Trucker: Extended Edition,5.0,"Indie, Strategy",8
76561197970698176,611500,Quake Champions,1.4666666666666666,"Action, Free To Play",2
76561197970698176,480490,Prey,1.35,"Action, Adventure",1
76561197970698176,741820,Prey: Typhon Hunter,0.0,Action,0
76561197970698176,882100,XCOM®: Chimera Squad,2.3833333333333333,Strategy,1
76561197970698176,640820,Pathfinder: Kingmaker — Enhanced Plus Edition,19.383333333333333,"Adventure, RPG",4
76561197970698176,926520,Love Letter,0.7166666666666667,Strategy,0
76561197970698176,730,Counter-Strike 2,0.1333333333333333,"Action, Free To Play",0
76561197970698176,490220,Prismata,0.65,"Free To Play, Indie, Simulation, Strategy, Early Access",0
76561197970698176,638070,Murderous Pursuits,0.9833333333333332,"Action, Indie, Simulation, Strategy",4
76561197970698176,987840,Expeditions: Rome,3.8666666666666663,"RPG, Strategy",3
76561197970698176,308600,Gene Shift Auto,1.1333333333333333,"Action, Indie, Free To Play, Early Access",2
76561197970698176,1020730,Dark Bestiary,5.866666666666666,"Indie, RPG",10
76561197970698176,1038370,Trials of Fire,33.983333333333334,"Indie, RPG, Strategy",23
76561197970698176,1046030,ISLANDERS,29.216666666666665,"Casual, Indie, Strategy",26
76561197970698176,1075190,A Game of Thrones: The Board Game - Digital Edition,0.0166666666666666,Strategy,0
76561197970698176,370910,Kathy Rain,0.0,"Adventure, Indie",0
76561197970698176,1086940,Baldur's Gate 3,110.13333333333334,"Adventure, RPG, Strategy",28
76561197970698176,1092790,Inscryption,12.3,"Adventure, Indie, Strategy",12
76561197970698176,1097530,Mortal Glory,0.3833333333333333,"Indie, RPG, Simulation, Strategy",0
76561197970698176,509580,The Lord of the Rings: Adventure Card Game - Definitive Edition,0.0166666666666666,"Adventure, RPG, Strategy",0
76561197970698176,1146370,Master of Magic Classic,1.9,Strategy,0
76561197970698176,1157390,King Arthur: Knight's Tale,27.0,"RPG, Strategy",26
76561197970698176,1164690,Wigmund,2.6,RPG,2
76561197970698176,1169100,Gazillionaire,2.55,"Casual, Indie, Simulation, Strategy",0
76561197970698176,1183470,Unknown,0.4333333333333333,,0
76561197970698176,489520,Unknown,0.0,,0
76561197970698176,1224290,Unknown,0.8333333333333334,,0
76561197970698176,1264280,Unknown,25.366666666666667,,6
76561197970698176,1268590,Unknown,20.833333333333332,,6
76561197970698176,442070,Unknown,5.283333333333333,,5
76561197970698176,680360,Unknown,2.933333333333333,,6
76561197970698176,34330,Unknown,0.0,,0
76561197970698176,1336490,Unknown,11.716666666666669,,9
76561197970698176,242700,Unknown,0.0,,0
76561197970698176,1015930,Unknown,0.3333333333333333,,0
76561197970698176,1409530,Unknown,6.966666666666667,,4
76561197970698176,1432860,Unknown,28.95,,44
76561197970698176,1519490,Unknown,29.233333333333334,,0
76561197970698176,1605220,Unknown,10.283333333333331,,19
76561197970698176,1621690,Unknown,16.333333333333332,,0
76561197970698176,1669000,Unknown,63.7,,20
76561197970698176,1748390,Unknown,1.0666666666666669,,0
76561197970698176,1794680,Unknown,17.15,,57
76561197970698176,1812390,The Elder Scrolls II: Daggerfall,0.0,"Action, RPG",0
76561197970698176,1868140,DAVE THE DIVER,7.316666666666666,"Adventure, Casual, RPG, Simulation",13
76561197970698176,1902490,Aperture Desk Job,0.5,"Action, Adventure, Casual, Free To Play",0
76561197970698176,520720,Dear Esther: Landmark Edition,0.2333333333333333,"Adventure, Casual, Indie, Free To Play",2
76561197970698176,1942280,Brotato,271.81666666666666,"Action, Casual, Indie, RPG",116
76561197970698176,1948280,Stacklands,6.85,"Casual, Indie, Simulation",15
76561197970698176,1949190,Necrosmith,2.4166666666666665,"Adventure, Indie, Simulation, Strategy",15
76561197970698176,1970580,Backpack Hero,18.666666666666668,"Adventure, Casual, Indie, RPG, Strategy",1
76561197970698176,1990110,SpellRogue,18.766666666666666,"Indie, Strategy, Early Access",6
76561197970698176,2004320,Duelyst II,0.0,"Indie, Strategy, Free To Play",0
76561197970698176,2065000,Chess Survivors,1.5166666666666666,"Action, Casual, Indie, RPG, Strategy",9
76561197970698176,2084000,Shogun Showdown,13.95,"Indie, RPG, Strategy",17
76561197970698176,2125420,Zorbus,5.0,"Indie, RPG",3
76561197970698176,552500,Warhammer: Vermintide 2,0.0,"Action, Indie, RPG",0
76561197970698176,2230280,Tiny Civilization,10.733333333333333,Strategy,12
76561197970698176,368260,Marvel's Midnight Suns,2.3666666666666667,"RPG, Strategy",1
76561197970698176,758870,Kynseed,4.15,"Adventure, Indie, RPG, Simulation",8
76561197970698176,1712840,Tiny Tina's Assault on Dragon Keep: A Wonderlands One-shot Adventure,0.0,"Action, Adventure, RPG",0
76561197970698176,544610,Battlestar Galactica Deadlock,0.0,Strategy,0
76561197970698176,2386720,STRAFTAT,0.4333333333333333,Action,3
76561197970698176,2391710,Gatekeeper: Infinity,0.0,"Action, Adventure, Casual, Indie, RPG, Simulation, Free To Play",0
76561197970698176,2427700,Backpack Battles,204.5,"Strategy, Early Access",0
76561197970698176,2918410,Tower of Mask,5.4,"Action, Adventure, Indie, RPG",8
76561197970698176,2054970,Dragon's Dogma 2,0.8833333333333333,"Action, RPG",1
